Branch_X,Branch_Y,PlusCount_X_not_in_Y
impl/tc300-wire-orchestrator-20260128,integrate/main-e2e-20260128-0837,63
impl/tc300-wire-orchestrator-20260128,fix/main-green-20260128-1505,60
impl/tc300-wire-orchestrator-20260128,fix/env-gates-20260128-1615,58
impl/tc300-wire-orchestrator-20260128,feat/TC-600-failure-recovery,68
impl/tc300-wire-orchestrator-20260128,feat/golden-2pilots-20260201,117
integrate/main-e2e-20260128-0837,impl/tc300-wire-orchestrator-20260128,38
integrate/main-e2e-20260128-0837,fix/main-green-20260128-1505,0
integrate/main-e2e-20260128-0837,fix/env-gates-20260128-1615,0
integrate/main-e2e-20260128-0837,feat/TC-600-failure-recovery,7
integrate/main-e2e-20260128-0837,feat/golden-2pilots-20260201,92
fix/main-green-20260128-1505,impl/tc300-wire-orchestrator-20260128,38
fix/main-green-20260128-1505,integrate/main-e2e-20260128-0837,3
fix/main-green-20260128-1505,fix/env-gates-20260128-1615,0
fix/main-green-20260128-1505,feat/TC-600-failure-recovery,10
fix/main-green-20260128-1505,feat/golden-2pilots-20260201,95
fix/env-gates-20260128-1615,impl/tc300-wire-orchestrator-20260128,38
fix/env-gates-20260128-1615,integrate/main-e2e-20260128-0837,5
fix/env-gates-20260128-1615,fix/main-green-20260128-1505,2
fix/env-gates-20260128-1615,feat/TC-600-failure-recovery,12
fix/env-gates-20260128-1615,feat/golden-2pilots-20260201,97
feat/TC-600-failure-recovery,impl/tc300-wire-orchestrator-20260128,36
feat/TC-600-failure-recovery,integrate/main-e2e-20260128-0837,0
feat/TC-600-failure-recovery,fix/main-green-20260128-1505,0
feat/TC-600-failure-recovery,fix/env-gates-20260128-1615,0
feat/TC-600-failure-recovery,feat/golden-2pilots-20260201,85
feat/golden-2pilots-20260201,impl/tc300-wire-orchestrator-20260128,12
feat/golden-2pilots-20260201,integrate/main-e2e-20260128-0837,12
feat/golden-2pilots-20260201,fix/main-green-20260128-1505,12
feat/golden-2pilots-20260201,fix/env-gates-20260128-1615,12
feat/golden-2pilots-20260201,feat/TC-600-failure-recovery,12
